location,source,target,id,fuzzy,context,translator_comments,developer_comments
,weeping willow (Salix babylonica),,,False,Myaamia ETHNOBOTANICAL DATABASE,,
,Glossary,,,False,Glossary,,
,cook it,,,False,,,aalimiihtoo- (It verb) cook it
,Shave one's skin,,,False,kaahkilookii-,,
,Katydid,,,False,kaahkaahki-,,
,Kaskaskia people,,,False,kaahkaahki-,,
,glottolog : miam1252,,,False,metadata,,
,"Language codes ISO 639-3 mia, Miami",,,False,Language codes ISO	ISO 639-3	mia	ISO 639-3	mia,,
,Welcome to the Myaamia-Peewaalia dictionary,,,False,ILDA Website,,
,(10;s delimenter) ,,,False,'-aasi',,
,English,English,,False,,,aakalaah≈°imaataweenki
,Neck,Neck,,False,'-hkweekan-',,'-hkweekan- (n.inan.dep) Neck'
